{
  "project_info": {
    "project_number": "935084878266",
    "project_id": "indian-cricket-team-a3b19",
    "storage_bucket": "indian-cricket-team-a3b19.appspot.com"
  },
  "client": [
    {
      "client_info": {
        "mobilesdk_app_id": "1:935084878266:android:44af38bdfbc11d78ce5583",
        "android_client_info": {
          "package_name": "in.visiontek.indiancricketteam"
        }
      },
      "oauth_client": [
        {
          "client_id": "935084878266-fqld54u97lp3m3hacb0bdp9nkml5ei4t.apps.googleusercontent.com",
          "client_type": 3
        }
      ],
      "api_key": [
        {
          "current_key": "AIzaSyAaxWxCUQFdn-C0KXz0kDWTJElsUyIjolw"
        }
      ],
      "services": {
        "appinvite_service": {
          "other_platform_oauth_client": [
            {
              "client_id": "935084878266-fqld54u97lp3m3hacb0bdp9nkml5ei4t.apps.googleusercontent.com",
              "client_type": 3
            }
          ]
        }
      }
    }
  ],
  "configuration_version": "1"
}